OnyxBlack-Agate-Faceted-Matte-Finish-Round-Beads?gp_product_id=190,190
zbeads-forest/4-5mm-madre-de-cacao-wood-261?sort=p.sort_order&order=ASC&limit=100&gp_product_id=261,261
precious-and-semi-precious-gemstone-beads-6/gemstone-beads-lapis-lazuli-69/4mm-lapis-276?sort=p.date_added&order=DESC&limit=50&gp_product_id=276,276
precious-and-semi-precious-gemstone-beads-6/gemstone-beads-lapis-lazuli-69/12mm-lapis-410?sort=p.date_added&order=DESC&limit=50&gp_product_id=410,410
precious-and-semi-precious-gemstone-beads-6/gemstone-beads-lava-71/8mm-fire-brick-lava-447?sort=p.date_added&order=DESC&limit=75&gp_product_id=447,447
Blue-Opal-Faceted-Round-Beads-46039?gp_product_id=525,525
pks1030-16x10mm-clasp121cts-of-diamond-591,591
pks1033-18x12mm-clasp121cts-of-diamond-594?v=20,594
findings-jewelry-components-and-parts-3/bracelet-components-137/pks1063-60x30mm-cross097cts-of-diamond-624?sort=p.price&order=DESC&limit=50&gp_product_id=624,624
findings-jewelry-components-and-parts-3/bracelet-components-137/pks1085-45x13mm-centerpiece1cts-of-diamond-646?sort=p.price&order=DESC&limit=50&gp_product_id=646,646
findings-jewelry-components-and-parts-3/bracelet-components-137/pks1091-47x12mm-centerpiece094cts-of-diamond-652?sort=p.price&order=DESC&limit=50&gp_product_id=652,652
findings-jewelry-components-and-parts-3/charms-15/love-peace-and-heart-charms-154/pks1098-30x17mm-heart-centerpiece112cts-of-diamond-659?sort=p.model&order=DESC&limit=100&gp_product_id=659,659
pks1128-32mm-key065cts-of-diamond-689,689
pks1128-32mm-key065cts-of-diamond-689?v=31,689
findings-jewelry-components-and-parts-3/bracelet-components-137/pks1305-23mm-disc274cts-of-diamond-866?sort=p.price&order=DESC&limit=50&gp_product_id=866,866
pks1375-6x13mm-lobster-claspcts-of-diamond-921?v=33,921
findings-jewelry-components-and-parts-3/findings-multi-row-multi-strand-connectors-128/pks1500-21x12mm-oval-connectorcts-of-diamond-1009?sort=p.price&order=DESC&limit=100&gp_product_id=1009,1009
findings-jewelry-components-and-parts-3/bracelet-components-137/30mm-flat-round-charm-diamondcts-1602?sort=p.price&order=DESC&limit=50&gp_product_id=1602,1602
12mm-flat-circle-diamond-cts-1608,1608
23mm-bead-moonstone141cts-1779?limit=100,1779
14K-Gold-and-Pave-Diamond-Roundel-Bead?gp_product_id=2072,2072
14K-Gold-Round-Pave-Diamond-Bead?gp_product_id=2123,2123
findings-jewelry-components-and-parts-3/charms-15/religous-charms-and-pendants-151/paf31039-14k-gold-13mm-ohm-18pcs-diamond008cts-2220?sort=p.date_added&order=ASC&limit=100&gp_product_id=2220,2220
pae33268-18k-gold-9mm-cap-22pcs-diamond013cts-2275?gp_product_id=2275,2275
9mm-Diamond-Cap-with-Jump-Ring-for-Tassel?gp_product_id=2279,2279
pae33272-18k-gold-9mm-cap-13pcs-diamond006cts-2279?gp_product_id=2279,2279
Block-Letter-F-Initial-14K-Gold-and-Pave-Diamond-Charm?gp_product_id=2309,2309
Block-Letter-N-Initial-14K-Gold-and-Pave-Diamond-Charm?gp_product_id=2317,2317
Block-Letter-O-Initial-14K-Gold-and-Pave-Diamond-Charm?gp_product_id=2318,2318
Block-Letter-U-Initial-14K-Gold-and-Pave-Diamond-Charm?gp_product_id=2324,2324
Block-Letter-V-Initial-14K-Gold-and-Pave-Diamond-Charm?gp_product_id=2325,2325
charms-15/charms-15/letters-numbers-and-initial-charms-150/paf41974-14k-gold-8mm-v-initial-13pcs-diamond005cts-2358?sort=p.price&order=ASC&limit=25&gp_product_id=2358,2358
findings-jewelry-components-and-parts-3/charms-15/religous-charms-and-pendants-151/29397-19x14mm-sterling-silver-and-cz-cross-5771?sort=p.date_added&order=ASC&limit=100&gp_product_id=5771,5771
Sterling-Silver-Smooth-Pearl-Cap-with-CZ-Accent?gp_product_id=5775,5775
2mm-Sterling-Silver-and-CZ-Screw-Eye?gp_product_id=5778,5778
Sterling-Silver-and-Cubic-Zirconia-Multi-Strand-Divider-47835?gp_product_id=5852,5852
Sterling-Silver-and-Cubic-Zirconia-Multi-Strand-Divider-47835?gp_product_id=5855,5855
Sterling-Silver-and-Cubic-Zirconia-Multi-Strand-Divider-47837?gp_product_id=5886,5886
Sterling-Silver-20mm-Round-Ring-Clasp?gp_product_id=5920,5920
clasps-sterling-silver-gold-filled-and-more-16/one-touch-clasps-173/29843-sterling-silver-15x10mm-one-touch-cubic-zirconia-clasp-5966?sort=rating&order=ASC&limit=100&gp_product_id=5966,5966
clasps-sterling-silver-gold-filled-and-more-16/one-touch-clasps-173/29844-sterling-silver-15x10mm-one-touch-cubic-zirconia-clasp-5967?sort=rating&order=ASC&limit=100&gp_product_id=5967,5967
clasps-sterling-silver-gold-filled-and-more-16/one-touch-clasps-173/29845-sterling-silver-15x10mm-side-trigger-one-touch-clasp-5968?sort=rating&order=ASC&limit=100&gp_product_id=5968,5968
clasps-sterling-silver-gold-filled-and-more-16/one-touch-clasps-173/29847-sterling-silver-15x10mm-side-trigger-one-touch-clasp-5970?sort=rating&order=ASC&limit=100&gp_product_id=5970,5970
clasps-sterling-silver-gold-filled-and-more-16/one-touch-clasps-173/29850-sterling-silver-11x8mm-one-touch-clasp-5973?sort=rating&order=ASC&limit=100&gp_product_id=5973,5973
clasps-sterling-silver-gold-filled-and-more-16/one-touch-clasps-173/29859-sterling-silver-19x15mm-one-touch-corrugated-clasp-5982?sort=rating&order=ASC&limit=100&gp_product_id=5982,5982
clasps-sterling-silver-gold-filled-and-more-16/one-touch-clasps-173/33105-sterling-silver-12x8mm-one-touch-clasp-6029?sort=rating&order=ASC&limit=100&gp_product_id=6029,6029
13mm-Oval-Link-Cable-Chain-by-Foot?gp_product_id=9238,9238
15mm-Oval-Link-Cable-Chain-by-Foot-Available-in-Sterling-Silver-Gold-Filled-and-14K-Gold,9240
14mm-Oval-Link-Cable-Chain-by-Foot?gp_product_id=9242,9242
18mm-Oval-Link-Cable-Chain-by-Foot?gp_product_id=9243,9243
11mm-Oval-Link-Cable-Chain-by-Foot-Available-in-Sterling-Silver-Gold-Filled-14K-and-18K-Gold,9248
14mm-Belcher-Rolo-Chain-by-Foot-Available-in-Sterling-Silver-Gold-Filled-14K-and-18K-Gold,9250
3x5mm-Oval-Rolo-Chain-by-Foot?gp_product_id=9251&PageSpeed=noscript,9251
19mm-Thin-Twisted-Long-and-Short-Chain-by-Foot-Available-in-14K-and-18K-Gold,9253
14K-Gold-Ready-to-Wear-Ball-Chain-with-Lobster-Clasp,9258
Ready-to-Wear-Ball-Chain-with-Lobster-Clasp?gp_product_id=9258,9258
13mm-Ready-to-Wear-Thin-Oval-Link-Cable-Chain-with-Clasp?gp_product_id=9271,9271
Ready-to-Wear-15mm-Oval-Link-Cable-Chain-with-Lobster-Clasp-Available-in-14K-Gold,9274
15mm-Ready-to-Wear-Oval-Link-Cable-Chain-with-Clasp?gp_product_id=9275,9275
14mm-Ready-to-Wear-Oval-Link-Cable-Chain-with-Clasp?gp_product_id=9278?v=31,9278
14mm-Ready-to-Wear-Oval-Link-Cable-Chain-with-Clasp?gp_product_id=9278?v=33,9278
10mm-Oval-Link-Cable-Chain-by-Foot?gp_product_id=9295?v=33,9295
10mm-Oval-Link-Cable-Chain-by-Foot,9295
20mm-Elongated-Oval-Link-Cable-Chain-by-Foot?gp_product_id=9303,9303
19mm-Oval-Link-Cable-Chain-by-Foot?gp_product_id=9306?v=20&PageSpeed=noscript,9306
19mm-Oval-Link-Cable-Chain-by-Foot?gp_product_id=9306?v=31,9306
18mm-Oval-Link-Cable-Chain-by-Foot?gp_product_id=9310,9310
18mm-Oval-Link-Cable-Chain-by-Foot?gp_product_id=9310?v=31,9310
chains-14/18k-gold-chains-186/chains-14/link-chains-by-foot-129/14k-gold-chains-187/35133-14ky-yellow-gold-chain-32mm-open-cable-chain-9312?sort=p.date_added&order=ASC&limit=100&gp_product_id=9312,9312
20mm-Belcher-Rolo-Chain-by-Foot-Available-in-Sterling-Silver-Gold-Filled-and-14K-Gold,9315
20mm-Belcher-Rolo-Chain-by-Foot-Available-in-Sterling-Silver-Gold-Filled-and-14K-Gold?gp_product_id=9315,9315
Belcher-Rolo-Chain-by-Foot?gp_product_id=9315,9315
Curb-Link-Chain-Available-in-Sterling-Silver-Gold-Filled-14K-and-18K-Gold,9318
chains-14/18k-gold-chains-186/chains-14/link-chains-by-foot-129/14k-gold-chains-187/15763-14ky-yellow-gold-chain-17mm-krinkle-chain-9322?sort=p.date_added&order=ASC&limit=100&gp_product_id=9322,9322
Belcher-Rolo-Chain-by-Foot?gp_product_id=9326,9326
10mm-Flat-Curb-Satellite-Chain-with-19mm-Ball?gp_product_id=9328,9328
Thin-Round-Cable-Chain-Available-in-Sterling-Silver-Gold-Filled-and-14K-Gold,9332
31-Long-Oval-and-Short-Round-Link-Cable-Chain-Available-in-Sterling-Silver-and-Gold-Filled,9333
31-Thin-Twisted-Long-Oval-and-Short-Round-Link-Chain-by-Foot-Available-in-14K-Gold,9335
Box-Chain-by-Foot-Available-in-Sterling-Silver-and-Gold-Filled,9403
13mm-Oval-Link-Cable-Chain-by-Foot?gp_product_id=9404,9404
15mm-Oval-Link-Cable-Chain-by-Foot-Available-in-Sterling-Silver-Gold-Filled-14K-and-18K-Gold?gp_product_id=9407,9407
15mm-Oval-Link-Cable-Chain-by-Foot?gp_product_id=9407?v=33,9407
21mm-Oval-Link-Cable-Chain-by-Foot-44957?gp_product_id=9413?v=20,9413
21mm-Open-Curb-Chain-by-Foot-Available-in-Sterling-Silver-and-Gold-Filled?gp_product_id=9414,9414
21mm-Oval-Link-Cable-Chain-by-Foot-47077?gp_product_id=9423?v=31,9423
Hammered-Oval-Link-Cable-Chain-by-Foot-Available-in-Sterling-Silver-and-Gold-Filled,9430
Belcher-Rolo-Chain-by-Foot?gp_product_id=9440,9440
chains-14/sterling-silver-chains-188/chains-14/link-chains-by-foot-129/gold-filled-chains-189/13509-gf-chain-gold-filled-78mm-oval-cable-chain-9457?sort=pd.name&order=DESC&limit=100&gp_product_id=9457,9457
Curb-Link-Chain-by-Foot-Available-in-Sterling-Silver-Gold-Filled-14K-and-18K-Gold?gp_product_id=9459,9459
Belcher-Rolo-Chain-by-Foot?gp_product_id=9474&PageSpeed=noscript,9474
chains-14/sterling-silver-chains-188/chains-14/link-chains-by-foot-129/gold-filled-chains-189/16871-gf-chain-gold-filled-51mm-ladder-chain-9483?sort=pd.name&order=DESC&limit=100&gp_product_id=9483,9483
Belcher-Rolo-Chain-by-Foot?gp_product_id=9487,9487
17mm-Satellite-Chain-by-Foot-Available-in-Sterling-Silver-and-Gold-Filled,9488
17mm-Satellite-Chain-by-Foot?gp_product_id=9488,9488
17mm-Satellite-Chain-by-Foot?gp_product_id=9488?v=31,9488
17mm-Satellite-Chain-by-Foot?gp_product_id=9488&PageSpeed=noscript,9488
41mm-Long-Fancy-Short-Plain-Chain-by-Foot-Available-in-Sterling-Silver-and-Gold-Filled,9493
Twisted-Elongated-Oval-Link-Cable-Chain-by-Foot-Available-in-Sterling-Silver-Gold-Filled-and-14K-Gold?gp_product_id=9499,9499
Diamond-Shape-Cable-Chain-Available-in-Sterling-Silver-and-Gold-Filled,9510
chains-14/sterling-silver-chains-188/chains-14/link-chains-by-foot-129/gold-filled-chains-189/24689-gf-chain-gold-filled-55mm-diamond-shape-chain-9511?sort=pd.name&order=DESC&limit=100&gp_product_id=9511,9511
Thin-Elongated-Oval-Marquis-Link-Cable-Chain-Available-in-Sterling-Silver-and-Gold-Filled,9518
11-Large-Long-and-Short-Oval-Link-Cable-Chain-Available-in-Sterling-Silver-and-Gold-Filled,9520
chains-14/sterling-silver-chains-188/chains-14/link-chains-by-foot-129/gold-filled-chains-189/24699-gf-chain-gold-filled-14mm-oval-knurled-and-flat-cable-chain-9538?sort=pd.name&order=DESC&limit=100&gp_product_id=9538,9538
Elongated-Oval-Link-Cable-Chain-Available-in-Sterling-Silver-and-Gold-Filled,9543
11-Large-Long-Twisted-Oval-and-Short-Round-Link-Cable-Chain-Available-in-Sterling-Silver-and-Gold-Filled,9554
11-Long-Oval-and-Short-Round-Link-Chain-Available-in-Sterling-Silver-and-Gold-Filled,9555
11-Long-Oval-and-Short-Round-Link-Chain-Available-in-Sterling-Silver-and-Gold-Filled?gp_product_id=9556,9556
Thin-Round-Cable-Chain-by-Foot?gp_product_id=9561,9561
20mm-Elongated-Oval-Link-Cable-Chain-by-Foot-Available-in-Sterling-Silver-Gold-Filled-and-14K-Gold?gp_product_id=9703,9703
21mm-Oval-Link-Cable-Chain-by-Foot-44957?gp_product_id=9705?v=33,9705
19mm-Oval-Link-Cable-Chain-by-Foot?gp_product_id=9711,9711
31-Long-Oval-and-Short-Round-Link-Chain-by-Foot?gp_product_id=9715?v=20,9715
27mm-Oval-Flat-Link-Cable-Chain-Available-in-Sterling-Silver,9732
31-Long-Oval-and-Short-Round-Link-Chain-by-Foot?gp_product_id=9739,9739
Belcher-Rolo-Chain-by-Foot?gp_product_id=9740,9740
Belcher-Rolo-Chain-by-Foot?gp_product_id=9741,9741
Belcher-Rolo-Chain-by-Foot?gp_product_id=9747,9747
59mm-Oval-Link-Cable-Chain-by-Foot?gp_product_id=9748,9748
Belcher-Rolo-Chain-by-Foot?gp_product_id=9773,9773
Belcher-Rolo-Chain-by-Foot?gp_product_id=9781&PageSpeed=noscript,9781
Belcher-Rolo-Chain-by-Foot?gp_product_id=9792&PageSpeed=noscript,9792
Belcher-Rolo-Chain-by-Foot?gp_product_id=9793,9793
17mm-Satellite-Chain-by-Foot?gp_product_id=9794,9794
51mm-Belcher-Rolo-Chain-by-Foot?gp_product_id=9799?v=20&PageSpeed=noscript,9799
Thin-Round-Cable-Chain-by-Foot?gp_product_id=9818,9818
findings-jewelry-components-and-parts-3/chains-14/link-chains-by-foot-129/sterling-silver-chains-188/24795-925-sterling-silver-chain-6mm-knurl-oval-cable-chain-9840?sort=p.price&order=ASC&limit=50&gp_product_id=9840,9840
35318-sterling-silver-1mm-16-inch-ball-chain-9880,9880
35318-sterling-silver-1mm-16-inch-ball-chain-9880?v=31,9880
35318-sterling-silver-1mm-16-inch-ball-chain-9880?v=33,9880
13mm-Oval-Link-Cable-Chain-by-Foot?gp_product_id=9926,9926
10mm-Oval-Link-Cable-Chain-by-Foot?gp_product_id=9927,9927
chains-14/18k-gold-chains-186/chains-14/link-chains-by-foot-129/14k-gold-chains-187/15807-14kw-white-gold-2mm-curb-chain-9932?sort=p.date_added&order=ASC&limit=100&gp_product_id=9932,9932
Curb-Link-Chain-by-Foot-Available-in-Sterling-Silver-Gold-Filled-14K-and-18K-Gold?gp_product_id=9943,9943
Belcher-Rolo-Chain-by-Foot?gp_product_id=9952,9952
10K-Yellow-Gold-Spring-Ring-Clasp-With-Closed-Jump-Ring?gp_product_id=9969,9969
14K-Yellow-Gold-Spring-Ring-Clasp-With-Closed-Jump-Ring?gp_product_id=10007,10007
Gold-Filled-Pear-Shaped-Trigger-Lobster-Clasp-with-Open-Jump-Ring?gp_product_id=10030,10030
Sterling-Silver-Spring-Ring-Clasp-With-Closed-Jump-Ring?gp_product_id=10121,10121
14K-White-Gold-Oval-Trigger-Lobster-Clasp-with-Open-Jump-Ring?gp_product_id=10160,10160
metal-beads-5/sterling-silver-beads-28/sterling-silver-beads-without-stones-116/29294-8mm-round-bead-with-13mm-hole-10228?sort=p.price&order=DESC&limit=25&gp_product_id=10228,10228
spring-ring-clasps-159/18753-37x15mm-large-spring-ring-10300?order=ASC&limit=75&gp_product_id=10300,10300
findings-jewelry-components-and-parts-3/clasps-sterling-silver-gold-filled-and-more-16/fish-hook-clasps-164/18088-6x125mm-fish-hook-clasp-10356?sort=rating&order=DESC&limit=50&gp_product_id=10356,10356
findings-jewelry-components-and-parts-3/clasps-sterling-silver-gold-filled-and-more-16/fish-hook-clasps-164/18272-6x12mm-fish-hook-clasp-crystal-10359?sort=rating&order=DESC&limit=50&gp_product_id=10359,10359
findings-jewelry-components-and-parts-3/clasps-sterling-silver-gold-filled-and-more-16/ball-and-bead-clasps-163/17210-10mm-ball-clasp-10364?sort=p.sort_order&order=ASC&limit=75&gp_product_id=10364,10364
Sterling-Silver-Smooth-Oval-Link-Cable-Chain,10551
findings-jewelry-components-and-parts-3/chains-14/link-chains-by-foot-129/sterling-silver-chains-188/17534-5mm-oval-cable-chain-10555?sort=p.model&order=ASC&limit=50&gp_product_id=10555,10555
findings-jewelry-components-and-parts-3/chains-14/link-chains-by-foot-129/sterling-silver-chains-188/17536-7mm-oval-cable-chain-10557?sort=p.model&order=ASC&limit=50&gp_product_id=10557,10557
Sterling-Silver-Smooth-Oval-Link-Cable-Chain?gp_product_id=10559,10559
findings-jewelry-components-and-parts-3/chains-14/link-chains-by-foot-129/sterling-silver-chains-188/17538-11mm-oval-cable-chain-10561?sort=p.model&order=ASC&limit=50&gp_product_id=10561,10561
Sterling-Silver-Smooth-Oval-Link-Cable-Chain?gp_product_id=10566,10566
Sterling-Silver-Thin-Oval-Rolo-Cable-Chain,10587
Sterling-Silver-Thin-Oval-Rolo-Cable-Chain?gp_product_id=10587,10587
Sterling-Silver-Thin-Oval-Rolo-Cable-Chain?gp_product_id=10587?v=20,10587
Sterling-Silver-Thin-Oval-Rolo-Cable-Chain?gp_product_id=10588,10588
Sterling-Silver-Thin-Oval-Rolo-Cable-Chain?gp_product_id=10589,10589
findings-jewelry-components-and-parts-3/chains-14/link-chains-by-foot-129/sterling-silver-chains-188/17555-27mm-oval-rolo-cable-chain-10590?sort=p.model&order=ASC&limit=50&gp_product_id=10590,10590
Sterling-Silver-Thin-Oval-Rolo-Cable-Chain?gp_product_id=10590,10590
findings-jewelry-components-and-parts-3/bead-caps-cones-and-tops-12/findings-jewelry-components-and-parts-3/jewelry-findings-parts-jump-rings-split-rings-19/jump-rings-190/36120-6x9mm-open-jump-ring-rhodium-plated-10642?sort=pd.name&order=DESC&limit=100&gp_product_id=10642,10642
findings-jewelry-components-and-parts-3/stringing-supplies-23/17316-clam-shell-10692?sort=p.date_added&order=ASC&limit=100&gp_product_id=10692,10692
Sterling-Silver-Clam-Shell-with-Hook?gp_product_id=10693,10693
Sterling-Silver-Click-Hoop-Earring-2mm-Thick?gp_product_id=10749,10749
Sterling-Silver-Click-Hoop-Earring-2mm-Thick?gp_product_id=10749&PageSpeed=noscript,10749
Sterling-Silver-Click-Hoop-Earring-2mm-Thick?gp_product_id=10753,10753
Sterling-Silver-Hollow-Flex-Hoop-Earring-2mm-Thick?gp_product_id=10769,10769
findings-jewelry-components-and-parts-3/clasps-sterling-silver-gold-filled-and-more-16/clasps-for-leather-and-cord-169/36084-15mm-leather-end-10792?sort=p.date_added&order=DESC&limit=100&gp_product_id=10792,10792
jump-rings-190/10077-35x63mm-open-jump-ring-10907?sort=p.sort_order&order=ASC&limit=100&gp_product_id=10907,10907
clasps-sterling-silver-gold-filled-and-more-16/box-clasps-166/9995-5mm-box-clasp-10940?sort=p.date_added&order=ASC&limit=100&gp_product_id=10940,10940
clasps-sterling-silver-gold-filled-and-more-16/box-clasps-166/9999-325mm-box-clasp-shell-10952?sort=p.date_added&order=ASC&limit=100&gp_product_id=10952,10952
jump-rings-190/36140-3x4x9mm-open-jump-ring-11005?sort=p.sort_order&order=ASC&limit=100&gp_product_id=11005,11005
jump-rings-190/jump-rings-190/36140-3x4x9mm-open-jump-ring-11005?sort=p.sort_order&order=ASC&limit=100&gp_product_id=11005,11005
findings-jewelry-components-and-parts-3/end-caps-and-bars-132/10169-35mm-soldered-flush-end-cap-11041?sort=p.price&order=ASC&limit=75&gp_product_id=11041,11041
findings-jewelry-components-and-parts-3/end-caps-and-bars-132/10171-5mm-soldered-flush-end-cap-11043?sort=p.price&order=ASC&limit=75&gp_product_id=11043,11043
jump-rings-190/jump-rings-190/36150-35x63mm-jump-ring-11050?sort=p.sort_order&order=ASC&limit=100&gp_product_id=11050,11050
Plain-Flat-Circle-Disc-Charms-with-Hole?gp_product_id=11135,11135
charms-15/charms-15/love-peace-and-heart-charms-154/29091-6mm-peace-charm-11162?order=DESC&limit=25&gp_product_id=11162,11162
Plain-Flat-Circle-Disc-Charms-with-Hole?gp_product_id=11169,11169
findings-jewelry-components-and-parts-3/charms-15/flowers-and-wildlife-charms-and-pendants-153/29090-9x21mm-leaf-charm-11182?sort=p.model&order=ASC&limit=50&gp_product_id=11182,11182
Cross-Charms-with-Outline?gp_product_id=11203?v=31,11203
Flat-Plain-Round-Disc-Charms?gp_product_id=11240,11240
Plain-Flat-Circle-Disc-Charms-with-Hole?gp_product_id=11253,11253
findings-jewelry-components-and-parts-3/bead-caps-cones-and-tops-12/findings-jewelry-components-and-parts-3/charms-15/love-peace-and-heart-charms-154/29165-11mm-peace-charm-11255?sort=pd.name&order=DESC&limit=75&gp_product_id=11255,11255
findings-jewelry-components-and-parts-3/bead-caps-cones-and-tops-12/findings-jewelry-components-and-parts-3/charms-15/love-peace-and-heart-charms-154/29160-6mm-peace-charm-11283?sort=pd.name&order=DESC&limit=75&gp_product_id=11283,11283
Flat-Plain-Round-Disc-Charms?gp_product_id=11300,11300
Flat-Plain-Round-Disc-Charms?gp_product_id=11301,11301
Plain-Flat-Circle-Disc-Charms-with-Hole?gp_product_id=11313,11313
Sterling-Silver-Pear-Shaped-Swivel-Trigger-Lobster-Clasp?gp_product_id=11327,11327
Sterling-Silver-Pear-Shaped-Swivel-Trigger-Lobster-Clasp?gp_product_id=11329,11329
Sterling-Silver-Pear-Shaped-Swivel-Trigger-Lobster-Clasp?gp_product_id=11330,11330
38958-15x6mm-rectangle-clasp-11338,11338
Sterling-Silver-Pear-Shaped-Swivel-Trigger-Lobster-Clasp?gp_product_id=11349,11349
metal-beads-5/gold-filled-beads-29/34002-7mm-bead-round-plain-11364?sort=pd.name&order=DESC&limit=75&gp_product_id=11364,11364
14K-Gold-Faceted-Round-Mirror-Bead-Heavy-Weight?gp_product_id=11457,11457
14K-Gold-Faceted-Round-Mirror-Bead-Heavy-Weight?gp_product_id=11484,11484
14K-Gold-Faceted-Round-Mirror-Bead-Heavy-Weight?gp_product_id=11487,11487
high-karat-solid-gold-beads-135/high-karat-solid-gold-beads-135/14k-gold-beads-31/14k-gold-beads-without-stones-117/39259-3mm-14k-roundel-stardust-11554?sort=p.price&order=DESC&limit=50&gp_product_id=11554,11554
metal-beads-5/high-karat-solid-gold-beads-135/14k-gold-beads-31/14k-gold-beads-without-stones-117/39276-4mm-14k-stardust-bead-11587?sort=pd.name&order=DESC&limit=25&gp_product_id=11587,11587
high-karat-solid-gold-beads-135/high-karat-solid-gold-beads-135/14k-gold-beads-31/14k-gold-beads-without-stones-117/39285-26mm-14k-faceted-bead-round-11597?sort=p.price&order=ASC&limit=50&gp_product_id=11597,11597
14K-Gold-Faceted-Round-Mirror-Bead-Heavy-Weight?gp_product_id=11620,11620
14K-Gold-Faceted-Round-Mirror-Bead-Heavy-Weight?gp_product_id=11621,11621
findings-jewelry-components-and-parts-3/bead-caps-cones-and-tops-12/39480-6mm-20k-cap-11685?sort=p.model&order=DESC&limit=75&gp_product_id=11685,11685
20k-gold-beads-33/39494-35mm-20k-bead-11693?order=DESC&limit=100&gp_product_id=11693,11693
20k-gold-beads-33/39494-35mm-20k-bead-11693?order=DESC&limit=50&gp_product_id=11693,11693
High-Karat-Bali-Style-Handmade-Tube-Spacer-Bead-Available-in-14K-18K-and-20K-Solid-Gold?gp_product_id=11700,11700
High-Karat-Bali-Style-Handmade-Tube-Spacer-Bead-Available-in-14K-18K-and-20K-Solid-Gold?gp_product_id=11727,11727
high-karat-solid-gold-beads-135/high-karat-solid-gold-beads-135/14k-gold-beads-31/14k-gold-beads-without-stones-117/39412-5mm-14k-bead-11800?sort=p.price&order=DESC&limit=25&gp_product_id=11800,11800
Oxidized-Sterling-Silver-Pave-Diamond-Long-Thin-Crescent-Moon-Pendant-Charm-Single-Sided-Diamonds?gp_product_id=12125,12125
34297-14x12mm-sterling-silver-eye-charm-diamond-018ct-12140,12140
Cable-Chain-Threader-Earwire?gp_product_id=12936,12936
findings-jewelry-components-and-parts-3/stringing-supplies-23/27927-2x2mm-gold-filled-crimp-tube-bead-14mm-id-13022?sort=p.date_added&order=DESC&limit=75&gp_product_id=13022,13022
Gold-Filled-Crimp-Tube-Beads?gp_product_id=13022,13022
findings-jewelry-components-and-parts-3/stringing-supplies-23/29315-08mm-gold-filled-20ga-cable-thimble-0031-hole-13046?sort=p.date_added&order=ASC&limit=100&gp_product_id=13046,13046
jump-rings-190/jump-rings-190/17966-36x75mm-21g-open-jumpring-075mm-gold-filled-thick-13064?sort=p.sort_order&order=ASC&limit=100&gp_product_id=13064,13064
U-Threader-Box-Chain-Earwire-Single-Side-Chain?gp_product_id=13140,13140
4554-6mm-platinum-alpha-system-earring-back-13182,13182
4554-6mm-platinum-alpha-system-earring-back-13182?v=20,13182
4554-6mm-platinum-alpha-system-earring-back-13182?v=30,13182
4554-6mm-platinum-alpha-system-earring-back-13182?v=33,13182
Sterling-Silver-Crimp-Tube-Beads?gp_product_id=13200,13200
Sterling-Silver-Crimp-Tube-Beads?gp_product_id=13213,13213
jump-rings-190/4708-33x65mm-sterling-silver-jump-ring-13267?sort=p.sort_order&order=ASC&limit=100&gp_product_id=13267,13267
U-Threader-Box-Chain-Earwire-Double-Side-Chain?gp_product_id=13297,13297
38978-14k-tulip-leverback-earring-light-weight-13391?v=31,13391
38978-14k-tulip-leverback-earring-light-weight-13391?v=33,13391
38978-14k-tulip-leverback-earring-light-weight-13391?v=33&PageSpeed=noscript,13391
African-Turquoise-Smooth-Round-Beads?gp_product_id=25095,25095
12mm-faceted-moonstone-25648?gp_product_id=25648,25648
Grey-Moonstone-Faceted-Round-Beads?gp_product_id=25648,25648
precious-and-semi-precious-gemstone-beads-6/gemstone-beads-moonstone-76/12mm-faceted-moonstone-25648?gp_product_id=25648,25648
12mm-faceted-moonstone-25648?gp_product_id=25648?v=20,25648
Grey-Moonstone-Faceted-Round-Beads?gp_product_id=25648?v=31&PageSpeed=noscript,25648
12mm-faceted-moonstone-25648?gp_product_id=25648?v=35,25648
8mm-button-faceted-moonstone-25669,25669
8mm-button-faceted-moonstone-25669?v=31,25669
6mm-faceted-peach-moonstone-27211?gp_product_id=27211?v=31,27211
Peach-Moonstone-Faceted-Round-Beads?gp_product_id=27211?v=35,27211
8mm-faceted-peach-moonstone-27212?gp_product_id=27212,27212
Peach-Moonstone-Faceted-Round-Beads?gp_product_id=27212,27212
precious-and-semi-precious-gemstone-beads-6/gemstone-beads-moonstone-76/8mm-faceted-peach-moonstone-27212?limit=25&gp_product_id=27212,27212
10mm-faceted-peach-moonstone-27213?gp_product_id=27213,27213
Peach-Moonstone-Faceted-Round-Beads?gp_product_id=27213,27213
precious-and-semi-precious-gemstone-beads-6/gemstone-beads-moonstone-76/10mm-faceted-peach-moonstone-27213?gp_product_id=27213,27213
precious-and-semi-precious-gemstone-beads-6/gemstone-beads-moonstone-76/10mm-faceted-peach-moonstone-27213?limit=25&gp_product_id=27213,27213
10mm-faceted-peach-moonstone-27213?gp_product_id=27213?v=20,27213
10mm-faceted-peach-moonstone-27213?gp_product_id=27213?v=33,27213
10mm-faceted-peach-moonstone-27213?gp_product_id=27213?v=34,27213
Peach-Moonstone-Faceted-Round-Beads?gp_product_id=27213?v=34,27213
10mm-faceted-peach-moonstone-27213?gp_product_id=27213?v=35,27213
10mm-faceted-peach-moonstone-27213?gp_product_id=27213?v=37,27213
Peach-Moonstone-Faceted-Round-Beads?gp_product_id=27214,27214
precious-and-semi-precious-gemstone-beads-6/gemstone-beads-moonstone-76/12mm-faceted-peach-moonstone-27214?gp_product_id=27214,27214
12mm-faceted-peach-moonstone-27214?gp_product_id=27214?v=20,27214
12mm-faceted-peach-moonstone-27214?gp_product_id=27214?v=31,27214
Peach-Moonstone-Faceted-Round-Beads?gp_product_id=27215,27215
Peach-Moonstone-Faceted-Round-Beads?gp_product_id=27215?v=31,27215
14mm-faceted-peach-moonstone-27215?gp_product_id=27215?v=34,27215
Peach-Moonstone-Faceted-Round-Beads?gp_product_id=27215?v=34,27215
16mm-faceted-peach-moonstone-27216?gp_product_id=27216,27216
Peach-Moonstone-Faceted-Round-Beads?gp_product_id=27216,27216
precious-and-semi-precious-gemstone-beads-6/gemstone-beads-moonstone-76/16mm-faceted-peach-moonstone-27216?gp_product_id=27216,27216
16mm-faceted-peach-moonstone-27216?gp_product_id=27216?v=33,27216
14mm-faceted-rainbow-moonstone-27220,27220
14mm-faceted-rainbow-moonstone-27220?v=20,27220
14mm-faceted-rainbow-moonstone-27220?v=33,27220
14mm-faceted-rainbow-moonstone-27220?v=34,27220
rose-quartz-145/12mm-40cm-rose-quartz-128-facet-round-beads-27713?sort=rating&order=ASC&limit=75&gp_product_id=27713,27713
findings-jewelry-components-and-parts-3/findings-jewelry-components-and-parts-3/wires-sheets-and-metals-24/22680-28g-14k-yellow-gold-medium-temper-round-wire-27965?sort=pd.name&order=DESC&limit=50&gp_product_id=27965,27965
findings-jewelry-components-and-parts-3/wires-sheets-and-metals-24/4974-22g-gf-12-20-soft-temper-round-wire-27986?sort=p.model&order=DESC&limit=100&gp_product_id=27986,27986
findings-jewelry-components-and-parts-3/wires-sheets-and-metals-24/4985-24g-gf-12-20-medium-temper-round-wire-27988?sort=p.model&order=DESC&limit=100&gp_product_id=27988,27988
findings-jewelry-components-and-parts-3/wires-sheets-and-metals-24/40135-24g-18k-white-gold-soft-temper-round-wire-27997?sort=p.model&order=DESC&limit=100&gp_product_id=27997,27997
findings-jewelry-components-and-parts-3/findings-jewelry-components-and-parts-3/wires-sheets-and-metals-24/22703-26g-18k-white-gold-soft-temper-round-wire-27998?sort=pd.name&order=DESC&limit=50&gp_product_id=27998,27998
findings-jewelry-components-and-parts-3/wires-sheets-and-metals-24/4989-12g-sterling-silver-soft-temper-round-wire-28013?sort=p.model&order=DESC&limit=100&gp_product_id=28013,28013
findings-jewelry-components-and-parts-3/bead-caps-cones-and-tops-12/findings-jewelry-components-and-parts-3/wires-sheets-and-metals-24/4997-28g-sterling-silver-soft-temper-round-wire-28035?sort=p.date_added&order=DESC&limit=100&gp_product_id=28035,28035
findings-jewelry-components-and-parts-3/findings-jewelry-components-and-parts-3/wires-sheets-and-metals-24/4997-28g-sterling-silver-soft-temper-round-wire-28035?sort=pd.name&order=DESC&limit=50&gp_product_id=28035,28035
Sterling-Silver-Half-Round-Wire?gp_product_id=28045,28045
findings-jewelry-components-and-parts-3/bead-caps-cones-and-tops-12/findings-jewelry-components-and-parts-3/wires-sheets-and-metals-24/4781-16g-14k-white-gold-soft-temper-round-wire-28056?sort=p.date_added&order=DESC&limit=100&gp_product_id=28056,28056
swarovski-crystals-34/4mm-capri-blue-aurore-boreale-5328-bicone-swarovski-crystal-28505?order=DESC&limit=100&gp_product_id=28505,28505
swarovski-crystals-34/18x12mm-crystal-5500-teardrop-swarovski-crystal-29148?order=DESC%3D&limit=100&gp_product_id=29148,29148
swarovski-elements-8/swarovski-crystals-34/24x12mm-crystal-aurore-boreale-6100-pear-shape-drop-swarovski-crystal-29223?sort=p.price&order=DESC&limit=100&gp_product_id=29223,29223
swarovski-elements-8/swarovski-crystals-34/105x7mm-crystal-5500-teardrop-swarovski-crystal-29283?sort=pd.name&order=ASC&limit=50&gp_product_id=29283,29283
swarovski-crystals-34/9x6mm-amethyst-5500-teardrop-swarovski-crystal-30050?order=DESC&limit=100&gp_product_id=30050,30050
swarovski-crystals-34/18x12mm-crystal-aurore-boreale-5203-polygon-swarovski-crystal-30279?order=DESC%3D&limit=100&gp_product_id=30279,30279
3mm-burgundy-5810-burgundy-swarovski-crystal-pearl-30283,30283
swarovski-crystals-34/18x12mm-black-diamond-5203-polygon-swarovski-crystal-30449?order=DESC%3D&limit=100&gp_product_id=30449,30449
swarovski-crystals-34/17mm-crystal-6015-polygon-drop-swarovski-crystal-30572?order=DESC%3D&limit=100&gp_product_id=30572,30572
swarovski-crystals-34/16mm-ruby-6106-pear-shape-drop-swarovski-crystal-31133?order=DESC%3D&limit=100&gp_product_id=31133,31133
Rose-Gold-Filled-Roundel-Beads?gp_product_id=31317,31317
findings-jewelry-components-and-parts-3/wires-sheets-and-metals-24/4977-28g-rose-gold-filled-12-20-soft-temper-round-wire-35007?sort=p.model&order=DESC&limit=100&gp_product_id=35007,35007
findings-jewelry-components-and-parts-3/headpins-and-ballpins-131/28937-15-inch-26g-04x38mm-14k-headpin-35009?sort=rating&order=ASC&limit=75&gp_product_id=35009,35009
findings-jewelry-components-and-parts-3/headpins-and-ballpins-131/29987-15-inch-24g-05x38mm-14k-headpin-35012?sort=rating&order=DESC&limit=75&gp_product_id=35012,35012
findings-jewelry-components-and-parts-3/headpins-and-ballpins-131/29988-2-inch-24g-05x51mm-14k-headpin-35013?sort=rating&order=DESC&limit=75&gp_product_id=35013,35013
findings-jewelry-components-and-parts-3/bails-and-enhancers-11/2498-8x14mm-18k-with-jump-ring-small-enhancer-35094?sort=p.model&order=DESC&limit=100&gp_product_id=35094,35094
findings-jewelry-components-and-parts-3/bails-and-enhancers-11/2499-9x16mm-18k-with-jump-ring-large-enhancer-35095?sort=p.model&order=DESC&limit=100&gp_product_id=35095,35095
14K-Tongue-for-Fish-Hook-Clasps?gp_product_id=35097,35097
14K-Gold-Rectangle-Filigree-Flower-and-Stripe-Clasp-for-Single-or-Multi-Row-44820?gp_product_id=35138,35138
stringing-supplies-23/2513-065mm-hole-beadtip-14k-35160?sort=rating&order=ASC&limit=15&gp_product_id=35160,35160
14K-Gold-Heart-Padlock-Clasp?gp_product_id=35161,35161
findings-jewelry-components-and-parts-3/bead-caps-cones-and-tops-12/findings-jewelry-components-and-parts-3/clasps-sterling-silver-gold-filled-and-more-16/box-clasps-166/2623-16x17mm-14k-1-row-fancy-w-safety-clasp-35281?sort=p.model&order=DESC&limit=100&gp_product_id=35281,35281
Fish-Hook-Clasp-with-Filigree-Double-Heart-Pattern?gp_product_id=35285?v=34,35285
findings-jewelry-components-and-parts-3/bails-and-enhancers-11/2631-9-10mm-14k-enhancer-35320?sort=p.price&order=DESC&limit=100&gp_product_id=35320,35320
findings-jewelry-components-and-parts-3/bails-and-enhancers-11/2654-8-9mm-14k-with-jump-ring-pendant-hanger-w-safety-35337?sort=p.model&order=DESC&limit=25&gp_product_id=35337,35337
findings-jewelry-components-and-parts-3/bails-and-enhancers-11/2656-8-9mm-14k-with-jump-ring-pendant-hanger-w-safety-35339?sort=p.model&order=DESC&limit=75&gp_product_id=35339,35339
14K-Gold-Slanted-Stripe-Fish-Hook-Clasp?gp_product_id=35343,35343
findings-jewelry-components-and-parts-3/clasps-sterling-silver-gold-filled-and-more-16/fish-hook-clasps-164/2533-6x16mm-14k-fish-slanted-stripe-clasp-35343?sort=p.price&order=ASC&limit=75&gp_product_id=35343,35343
14K-Gold-Pearl-Shortener-Safety-Pin-Style?gp_product_id=35359,35359
Sterling-Silver-Heart-Padlock-Clasp?gp_product_id=35428,35428
2463-sterling-silver-small-enhancer-w-ring-35479?gp_product_id=35479,35479
14K-Gold-Smooth-Solid-Fish-Hook-Clasp?gp_product_id=35526,35526
14K-Gold-Filigree-Flower-Weave-Fish-Hook-Clasp?gp_product_id=35534,35534
findings-jewelry-components-and-parts-3/clasps-sterling-silver-gold-filled-and-more-16/ball-and-bead-clasps-163/17086-10mm-14k-ball-clasp-35599?sort=p.sort_order&order=ASC&limit=75&gp_product_id=35599,35599
findings-jewelry-components-and-parts-3/clasps-sterling-silver-gold-filled-and-more-16/ball-and-bead-clasps-163/24233-12mm-14k-ball-matte-clasp-35604?sort=p.sort_order&order=ASC&limit=75&gp_product_id=35604,35604
findings-jewelry-components-and-parts-3/clasps-sterling-silver-gold-filled-and-more-16/ball-and-bead-clasps-163/23699-11x16mm-14k-1-row-matte-oval-clasp-35612?sort=p.sort_order&order=ASC&limit=75&gp_product_id=35612,35612
findings-jewelry-components-and-parts-3/clasps-sterling-silver-gold-filled-and-more-16/ball-and-bead-clasps-163/36370-4pts-10mm-14k-diamond-clasp-35626?sort=p.sort_order&order=ASC&limit=75&gp_product_id=35626,35626
14K-Gold-Smooth-Multi-Row-Flat-Bar-Clasp?gp_product_id=35639,35639
findings-jewelry-components-and-parts-3/bead-caps-cones-and-tops-12/findings-jewelry-components-and-parts-3/clasps-sterling-silver-gold-filled-and-more-16/bar-clasps-161/36404-375-pts-diamond-6-strands-14k-35669?sort=p.model&order=DESC&limit=100&gp_product_id=35669,35669
findings-jewelry-components-and-parts-3/earring-findings-parts-and-components-18/leverback-earrings-175/24245-14k-pair-9pts-diamond-leverback-w-pearl-drop-35698?sort=rating&order=DESC&limit=50&gp_product_id=35698,35698
findings-jewelry-components-and-parts-3/settings-for-pearls-and-beads-133/24249-14k-pair-6pts-diamond-matte-leverback-w-pearl-cup-35702?sort=p.price&order=DESC&limit=50&gp_product_id=35702,35702
findings-jewelry-components-and-parts-3/clasps-sterling-silver-gold-filled-and-more-16/ball-and-bead-clasps-163/16467-15pts-diamond-10mm-14k-heart-clasp-35760?sort=rating&order=DESC&limit=15&gp_product_id=35760,35760
ball-and-bead-clasps-163/24257-12mm-14k-bead-matte-clasp-35802?order=ASC&limit=75&gp_product_id=35802,35802
findings-jewelry-components-and-parts-3/clasps-sterling-silver-gold-filled-and-more-16/ball-and-bead-clasps-163/16480-10x10mm-14k-1-row-x-clasp-35807?sort=p.sort_order&order=ASC&limit=75&gp_product_id=35807,35807
findings-jewelry-components-and-parts-3/clasps-sterling-silver-gold-filled-and-more-16/ball-and-bead-clasps-163/36452-4pts-10mm-14k-diamond-clasp-35824?sort=p.sort_order&order=ASC&limit=75&gp_product_id=35824,35824
findings-jewelry-components-and-parts-3/bead-caps-cones-and-tops-12/findings-jewelry-components-and-parts-3/clasps-sterling-silver-gold-filled-and-more-16/bar-clasps-161/36456-6-strands-5pts-diamond-clasp-14k-35830?sort=p.model&order=DESC&limit=100&gp_product_id=35830,35830
findings-jewelry-components-and-parts-3/earring-findings-parts-and-components-18/leverback-earrings-175/24263-14k-pair-10pts-diamond-leverback-w-pearl-cup-35887?sort=rating&order=DESC&limit=25&gp_product_id=35887,35887
findings-jewelry-components-and-parts-3/settings-for-pearls-and-beads-133/24273-14k-pair-6pts-diamond-matte-leverback-w-pearl-cup-35900?sort=p.price&order=DESC&limit=50&gp_product_id=35900,35900
14K-Gold-Pearl-Pendant-Cage-with-Pave-Diamonds?gp_product_id=35929,35929
findings-jewelry-components-and-parts-3/clasps-sterling-silver-gold-filled-and-more-16/ball-and-bead-clasps-163/16513-15pts-diamond-10mm-14k-heart-matte-clasp-35960?sort=pd.name&order=ASC&limit=50&gp_product_id=35960,35960
14K-and-18K-Gold-Thin-Star-Pattern-Pearl-Pendant-Cup?gp_product_id=35977,35977
14K-and-18K-Gold-Fluted-6-Point-Pearl-Pendant-Cup?gp_product_id=35980,35980
14K-and-18K-Gold-Pearl-Pendant-Cup-with-Dotted-Edge?gp_product_id=36023,36023
leverback-earrings-175/14882-7x5mm-14k-pear-leverback-36029?sort=rating&order=DESC&limit=50&gp_product_id=36029,36029
14K-and-18K-Gold-Thin-Star-Pattern-Pearl-Pendant-Cup?gp_product_id=36069,36069
14K-Yellow-Gold-Smooth-Round-Bead-Light-Weight?gp_product_id=36278,36278
4623-1x27mm-14k-earring-hollow-round-hoop-36313,36313
findings-jewelry-components-and-parts-3/settings-for-pearls-and-beads-133/4214-14k-screw-eye-36625?sort=rating&order=DESC&limit=50&gp_product_id=36625,36625
Smooth-Edge-Friction-Push-Earring-Back-Fits-066-091mm-Post?gp_product_id=36854,36854
3756-076mm-14k-94mmfriction-post-37064?search=&limit=50,37064
18K-Gold-Smooth-Round-Bead-Light-Weight?gp_product_id=37125,37125
18K-Gold-Smooth-Round-Bead-Light-Weight?gp_product_id=37128,37128
33605-sterling-silver-leverback-w-open-ring-37270?gp_product_id=37270?v=20,37270
high-karat-solid-gold-beads-135/high-karat-solid-gold-beads-135/14k-gold-beads-31/14k-gold-beads-without-stones-117/-25mm-14k-w-040-045-hole-rho-37277?sort=p.price&order=ASC&limit=50&gp_product_id=37277,37277
Belcher-Rolo-Chain-by-Foot?gp_product_id=37309,37309
-14k-yellow-gold-43mm-37662?search=&sort=p.model&order=ASC&gp_product_id=37662,37662
ab/14805-sterling-silver-13mm-long-short-cable-chain-37734?sort=p.sort_order&order=ASC&limit=50&gp_product_id=37734,37734
home-1/14805-sterling-silver-13mm-long-short-cable-chain-37734?sort=p.price&order=ASC&limit=100&gp_product_id=37734,37734
African-Turquoise-Faceted-Round-Beads-46089?gp_product_id=39196,39196
12mm-dyed-larimar-39292?search=larimar&limit=25,39292
12mm-dyed-larimar-39292?search=larimar&limit=75,39292
African-Turquoise-Faceted-Round-Beads-46089?gp_product_id=39350,39350
12mm-40cm-multi-burma-jade-round-beads-39389?gp_product_id=39389,39389
Multi-Color-Green-Burma-Jade-Round-Smooth-Beads?gp_product_id=39389,39389
6mm-40cm-multi-burma-jade-round-beads-39390?gp_product_id=39390,39390
13mm-Ready-to-Wear-Thin-Oval-Link-Cable-Chain-with-Clasp?gp_product_id=39414?v=31,39414
19mm-Flat-Oval-Link-Cable-Chain-by-Foot?gp_product_id=39420?v=31,39420
40439-gold-filled-flat-cable-16-inch-chain-with-clasp-rose-gf-39420?gp_product_id=39420?v=31,39420
40439-gold-filled-flat-cable-16-inch-chain-with-clasp-rose-gf-39420?gp_product_id=39420?v=33,39420
40440-gold-filled-flat-cable-18-inch-chain-with-clasp-rose-gf-39421?gp_product_id=39421,39421
Ready-to-Wear-10mm-Oval-Link-Cable-Chain-with-Spring-Ring-Clasp-Available-in-Sterling-Silver-and-Gold-Filled?gp_product_id=39424,39424
15mm-Ready-to-Wear-Oval-Link-Cable-Chain-with-Clasp?gp_product_id=39427,39427
15mm-Ready-to-Wear-Oval-Link-Cable-Chain-with-Clasp?gp_product_id=39430,39430
Ready-to-Wear-Satellite-Curb-Chain-with-Spring-Ring-Clasp?gp_product_id=39438,39438
Ready-to-Wear-Satellite-Curb-Chain-with-Spring-Ring-Clasp?gp_product_id=39438?v=20,39438
Ready-to-Wear-Satellite-Curb-Chain-with-Spring-Ring-Clasp?gp_product_id=39438?v=30,39438
Ready-to-Wear-Satellite-Curb-Chain-with-Spring-Ring-Clasp?gp_product_id=39438?v=31,39438
Ready-to-Wear-Satellite-Curb-Chain-with-Spring-Ring-Clasp?gp_product_id=39438?v=33,39438
Ready-to-Wear-Satellite-Curb-Chain-with-Spring-Ring-Clasp?gp_product_id=39439,39439
13mm-Ready-to-Wear-Thin-Oval-Link-Cable-Chain-with-Clasp?gp_product_id=39440,39440
14mm-Ready-to-Wear-Oval-Link-Cable-Chain-with-Clasp?gp_product_id=39442,39442
15mm-Ready-to-Wear-Oval-Link-Cable-Chain-with-Clasp?gp_product_id=39449,39449
Ready-to-Wear-Satellite-Curb-Chain-with-Spring-Ring-Clasp?gp_product_id=39455,39455
Dark-Blue-Apatite-Round-Smooth-Beads?gp_product_id=39622?v=20,39622
6mm-moonstone-39624?v=31,39624
8mm-moonstone-39625?v=33,39625
11mm-moonstone-39627,39627
3mm-moonstone-39628,39628
4mm-moonstone-39629?v=31,39629
4mm-moonstone-39629?v=31&PageSpeed=noscript,39629
precious-and-semi-precious-gemstone-beads-6/gemstone-beads-moonstone-76/6mm-faceted-grey-moonstone-39631?gp_product_id=39631,39631
Grey-Moonstone-Faceted-Round-Beads?gp_product_id=39631?v=31,39631
6mm-grey-moonstone-39632?v=31,39632
8mm-grey-moonstone-39633?v=33&PageSpeed=noscript,39633
4mm-round-faceted-moonstone-beads-39658,39658
4mm-round-faceted-moonstone-beads-39658?gp_product_id=39658,39658
precious-and-semi-precious-gemstone-beads-6/gemstone-beads-moonstone-76/4mm-round-faceted-moonstone-beads-39658?gp_product_id=39658,39658
precious-and-semi-precious-gemstone-beads-6/gemstone-beads-moonstone-76/4mm-round-faceted-moonstone-beads-39658?limit=25&gp_product_id=39658,39658
4mm-round-faceted-moonstone-beads-39658?gp_product_id=39658?v=20,39658
4mm-round-faceted-moonstone-beads-39658?gp_product_id=39658?v=31,39658
2mm-turqoise-round-beads-39731,39731
16mm-37mm-yellow-diamond-faceted-roundel-beads-39797,39797
tools-and-stringing-supplies-9/thread-and-beading-cord-139/leather-and-suede-cord-210/13031-2mm-leather-cord-25-yards-garnet-indian-leather-40116?sort=rating&order=DESC&limit=25&gp_product_id=40116,40116
tools-and-stringing-supplies-9/thread-and-beading-cord-139/leather-and-suede-cord-210/13017-1mm-leather-cord-25-yards-metal-gold-indian-leather-40121?sort=rating&order=DESC&limit=25&gp_product_id=40121,40121
45mm-60mm-rough-cut-light-grey-diamond-beads-40303,40303
16mm-30mm-green-diamond-button-faceted-40305,40305
findings-jewelry-components-and-parts-3/charms-15/religous-charms-and-pendants-151/148mm-14k-round-miracle-medal-40739?sort=p.model&order=DESC&limit=50&gp_product_id=40739,40739
findings-jewelry-components-and-parts-3/wires-sheets-and-metals-24/4970-14g-gf-12-20-soft-temper-round-wire-40934?sort=p.model&order=DESC&limit=100&gp_product_id=40934,40934
Sterling-Silver-Round-Flat-Micro-Pave-CZ-Pendant-45875?gp_product_id=40985,40985
Sterling-Silver-Round-Flat-Micro-Pave-CZ-Pendant?gp_product_id=40985,40985
Sterling-Silver-Round-Flat-Micro-Pave-CZ-Pendant-45875?gp_product_id=41000,41000
4mm-faceted-apatite-41063,41063
4mm-faceted-apatite-41063?v=31,41063
4mm-faceted-apatite-41063?v=33,41063
4mm-faceted-grey-moonstone-a-quality-41065,41065
4mm-faceted-grey-moonstone-a-quality-41065?PageSpeed=noscript,41065
4mm-faceted-grey-moonstone-a-quality-41065?v=31,41065
4mm-faceted-grey-moonstone-a-quality-41065?v=33,41065
7-8mm-smooth-round-moonstone-beads-41067,41067
7-8mm-smooth-round-moonstone-beads-41067?v=35,41067
10mm-smooth-round-moonstone-beads-41068,41068
10mm-smooth-round-moonstone-beads-41068?v=31,41068
10mm-smooth-round-moonstone-beads-41068?v=33,41068
10mm-faceted-moonstone-41070?gp_product_id=41070,41070
10mm-faceted-moonstone-41070?gp_product_id=41070?v=20,41070
10mm-faceted-moonstone-41070?gp_product_id=41070?v=30,41070
10mm-faceted-moonstone-41070?gp_product_id=41070?v=31,41070
10mm-faceted-moonstone-41070?gp_product_id=41070?v=33,41070
precious-and-semi-precious-gemstone-beads-6/gemstone-beads-moonstone-76/10mm-faceted-moonstone-41070?gp_product_id=41070,41070
precious-and-semi-precious-gemstone-beads-6/gemstone-beads-moonstone-76/10mm-faceted-moonstone-41070?limit=25&gp_product_id=41070,41070
precious-and-semi-precious-gemstone-beads-6/gemstone-beads-moonstone-76/10mm-faceted-moonstone-41070?sort=p.model&order=DESC&gp_product_id=41070,41070
White-Moonstone-Faceted-Round-Beads?gp_product_id=41070,41070
White-Moonstone-Faceted-Round-Beads?gp_product_id=41070?v=30,41070
precious-and-semi-precious-gemstone-beads-6/gemstone-beads-moonstone-76/11mm-faceted-moonstone-41071?gp_product_id=41071,41071
precious-and-semi-precious-gemstone-beads-6/gemstone-beads-moonstone-76/11mm-faceted-moonstone-41071?limit=25&gp_product_id=41071,41071
White-Moonstone-Faceted-Round-Beads?gp_product_id=41071,41071
11mm-faceted-moonstone-41071?gp_product_id=41071?v=20,41071
White-Moonstone-Faceted-Round-Beads?gp_product_id=41071?v=20,41071
11mm-faceted-moonstone-41071?gp_product_id=41071?v=31,41071
sodalite-227/4mm-40cm-sodalite-round-beads-41142?sort=p.model&order=ASC&limit=75&gp_product_id=41142,41142
Xingjiang-Turquoise-Faceted-Pear-Shaped-Beads?gp_product_id=41239,41239
40-50mm-bullet-magnesite-ivory-color-41246,41246
40-50mm-bullet-magnesite-turquoise-light-blue-line-41247,41247
40-50mm-bullet-magnesite-turquoise-light-blue-line-41247?v=31,41247
40-50mm-bullet-magnesite-turquoise-light-blue-line-41247?v=33,41247
gold-filled-beads-29/16724-17x64mm-gold-filled-oval-bead-41558?sort=pd.name&order=ASC&limit=15&gp_product_id=41558,41558
Gold-Filled-Corrugated-Roundel-Beads?gp_product_id=41580,41580
Gold-Filled-Endless-Hoop-Earrings-63839?gp_product_id=41595?v=35,41595
26107-12mm-gold-filled-hoop-endless-41596,41596
Gold-Filled-Endless-Hoop-Earrings-63839?gp_product_id=41596,41596
Gold-Filled-Endless-Hoop-Earrings-63839?gp_product_id=41596?v=30,41596
findings-jewelry-components-and-parts-3/earring-findings-parts-and-components-18/hoop-and-huggie-earrings-177/26109-20mm-gold-filled-hoop-endless-41598?gp_product_id=41598,41598
hoop-and-huggie-earrings-177/26109-20mm-gold-filled-hoop-endless-41598?sort=p.sort_order&order=ASC&gp_product_id=41598,41598
26109-20mm-gold-filled-hoop-endless-41598?gp_product_id=41598?v=20,41598
26110-24mm-gold-filled-hoop-endless-41599?gp_product_id=41599,41599
26111-30mm-gold-filled-hoop-endless-41600,41600
26111-30mm-gold-filled-hoop-endless-41600?gp_product_id=41600,41600
findings-jewelry-components-and-parts-3/earring-findings-parts-and-components-18/hoop-and-huggie-earrings-177/26111-30mm-gold-filled-hoop-endless-41600?gp_product_id=41600,41600
Gold-Filled-Endless-Hoop-Earrings-125mm-Thick?gp_product_id=41600,41600
16747-3x5mm-sterling-silver-twisted-oval-bead-41609,41609
16747-3x5mm-sterling-silver-twisted-oval-bead-41609?v=20,41609
16747-3x5mm-sterling-silver-twisted-oval-bead-41609?v=30,41609
Sterling-Silver-Flower-Pearl-Cap-with-Cubic-Zirconia-49290?gp_product_id=41998,41998
Sterling-Silver-Flower-Pearl-Cap-with-Cubic-Zirconia-49290?gp_product_id=41998?v=20,41998
findings-jewelry-components-and-parts-3/earring-findings-parts-and-components-18/earring-backs-friction-and-screw-back-181/4349-7x18mm-18k-small-omega-clip-42010?sort=p.model&order=ASC&limit=50&gp_product_id=42010,42010
findings-jewelry-components-and-parts-3/earring-findings-parts-and-components-18/earring-backs-friction-and-screw-back-181/3064-45mm-84mm-hole-screw-earnut-type-a-18k-42015?sort=p.model&order=ASC&limit=50&gp_product_id=42015,42015
home-1/3064-45mm-84mm-hole-screw-earnut-type-a-18k-42015?sort=p.model&order=ASC&limit=50&gp_product_id=42015,42015
findings-jewelry-components-and-parts-3/earring-findings-parts-and-components-18/earring-backs-friction-and-screw-back-181/3068-7mm-105mm-hole-guardian-back-18k-42019?sort=p.model&order=ASC&limit=50&gp_product_id=42019,42019
14K-Gold-Jumbo-Rosette-Friction-Push-Earring-Back-Fits-084-096mm-Post?gp_product_id=42053,42053
findings-jewelry-components-and-parts-3/earring-findings-parts-and-components-18/earring-backs-friction-and-screw-back-181/16579-6mm-89mm-hole-guardian-back-14k-42060?sort=p.model&order=ASC&limit=50&gp_product_id=42060,42060
findings-jewelry-components-and-parts-3/earring-findings-parts-and-components-18/earring-backs-friction-and-screw-back-181/16579-6mm-89mm-hole-guardian-back-14k-42060?sort=p.price&order=DESC&limit=75&gp_product_id=42060,42060
Sterling-Silver-Clam-Shell-with-Hook?gp_product_id=42208,42208
41505-4mm-oval-bead-chain-42343,42343
41506-8mm-rolo-chain-42344,42344
41507-4mm-rope-chain-42345,42345
41508-9x55mm-oval-rolo-chain-42346,42346
41509-43mm-oval-fancy-rolo-chain-42347,42347
41510-37mm-oval-rolo-chain-42348,42348
41528-10x22mm-bali-style-dotted-roundel-27mm-hole-42366,42366
95x55mm-sterling-silver-cap-dia019ct,42416
95x55mm-sterling-silver-cap-dia019ct?PageSpeed=noscript,42416
95x55mm-sterling-silver-cap-dia019ct?v=31,42416
95x55mm-sterling-silver-cap-dia019ct?v=33,42416
sterling-silver-charm-with-cz-p-42439,42439
sterling-silver-flower-connector-with-cz,42456
13mm-Ready-to-Wear-Thin-Oval-Link-Cable-Chain-with-Clasp?gp_product_id=42651,42651
Curb-Link-Chain-by-Foot-Available-in-Sterling-Silver-Gold-Filled-14K-and-18K-Gold?gp_product_id=42656,42656
21mm-Oval-Link-Cable-Chain-by-Foot-47077?gp_product_id=42662,42662
21mm-Oval-Link-Cable-Chain-by-Foot-47077?gp_product_id=42663,42663
Tube-Bar-Chain?gp_product_id=42674,42674
gold-filled-dapped-bar-chain,42675
chains-14/sterling-silver-chains-188/chains-14/link-chains-by-foot-129/gold-filled-chains-189/gold-filled-bar-chain-p-42676?sort=pd.name&order=DESC&limit=100&gp_product_id=42676,42676
Ready-to-Wear-Satellite-Curb-Chain-with-Spring-Ring-Clasp?gp_product_id=42685,42685
17mm-Satellite-Chain-by-Foot?gp_product_id=42687,42687
14mm-Oval-Link-Cable-Chain-by-Foot?gp_product_id=42697,42697
14mm-Oval-Link-Cable-Chain-by-Foot?gp_product_id=42697&PageSpeed=noscript,42697
Curb-Link-Chain-by-Foot-Available-in-Sterling-Silver-Gold-Filled-14K-and-18K-Gold?gp_product_id=42741,42741
10mm-Oval-Link-Satellite-Cable-Chain-with-18mm-Smooth-Roundel-by-Foot?gp_product_id=42777,42777
10mm-Oval-Link-Satellite-Cable-Chain-with-18mm-Smooth-Roundel-by-Foot,42777
high-karat-solid-gold-beads-135/high-karat-solid-gold-beads-135/14k-gold-beads-31/14k-gold-beads-without-stones-117/tkr117-2mm-14k-faceted-nugget-bead-11728?sort=pd.name&order=ASC&limit=50&gp_product_id=42820,42820
animal-charms-149/14k-gold-11mm-hen-charm-17pcs-diamond007cts-p-42957?order=ASC&limit=75&gp_product_id=42957,42957
charms-15/zodiac-signs-pendants-and-charms-152/14k-gold-9mm-libra-charm-12pcs-diamond005cts-p-42977?sort=pd.name&order=DESC&limit=75&gp_product_id=42977,42977
charms-15/flowers-and-wildlife-charms-and-pendants-153/14k-gold-10mm-fluer-de-lis-charm-12pcs-diamond005cts?sort=pd.name&order=ASC&limit=75&gp_product_id=43102,43102
14k-gold-6x3mm-marquis-amethyst-bezel-set-connector?search=Marquis%20&limit=100&gp_product_id=43661,43661
findings-jewelry-components-and-parts-3/clasps-sterling-silver-gold-filled-and-more-16/bar-clasps-161/sterling-silver-30x4mm-5-row-tube-clasp?sort=p.model&order=DESC&limit=75&gp_product_id=43797,43797
findings-jewelry-components-and-parts-3/clasps-sterling-silver-gold-filled-and-more-16/bar-clasps-161/sterling-silver-30x4mm-5-row-tube-clasp?sort=p.price&order=ASC&limit=75&gp_product_id=43797,43797
clasps-sterling-silver-gold-filled-and-more-16/one-touch-clasps-173/sterling-silver-15x10mm-one-touch-cubic-zirconia-clasp-p-43819?sort=rating&order=ASC&limit=100&gp_product_id=43819,43819
clasps-sterling-silver-gold-filled-and-more-16/one-touch-clasps-173/sterling-silver-19x15mm-one-touch-corrugated-clasp-43851?sort=rating&order=ASC&limit=100&gp_product_id=43851,43851
clasps-sterling-silver-gold-filled-and-more-16/one-touch-clasps-173/sterling-silver-15x10mm-one-touch-clasp-p-43929?sort=rating&order=ASC&limit=100&gp_product_id=43929,43929
jump-rings-190/jump-rings-190/sterling-silver-20mm-ring-clasp-43943?sort=pd.name&order=DESC&limit=50&gp_product_id=43943,43943
Sterling-Silver-20mm-Ring-Clasp?gp_product_id=43944,43944
findings-jewelry-components-and-parts-3/bead-caps-cones-and-tops-12/9mm-sterling-silver-and-cz-cap-bar-pearl-drop-p-44133?sort=rating&order=DESC&limit=50&gp_product_id=44133,44133
40X27mm-Sterling-Silver-and-CZ-Multi-Cubic-Zirconia-44967?gp_product_id=44186,44186
bails-and-enhancers-11/sterling-silver-and-cz-enhancerr-p-44192?sort=pd.name&order=DESC&limit=15&gp_product_id=44192,44192
19mm-Sterling-Silver-and-CZ-Shortener-45674?gp_product_id=44196?v=33,44196
Sterling-Silver-and-Cubic-Zirconia-Multi-Strand-Divider-47835?gp_product_id=44281?v=33,44281
Sterling-Silver-and-Cubic-Zirconia-Multi-Strand-Divider-47835?gp_product_id=44288,44288
Sterling-Silver-and-Cubic-Zirconia-Multi-Strand-Divider-47837?gp_product_id=44318,44318
Peach-Moonstone-Faceted-Round-Beads,46118
charms-15/charms-15/animal-charms-149/10mm-gold-filled-sand-dollar-charm?sort=p.price&order=ASC&limit=50&gp_product_id=46925,46925
15mm-Ready-to-Wear-Oval-Link-Cable-Chain-with-Clasp?gp_product_id=47124,47124
15mm-Ready-to-Wear-Oval-Link-Cable-Chain-with-Clasp?gp_product_id=47129,47129
Ready-to-Wear-Satellite-Curb-Chain-with-Spring-Ring-Clasp-Available-in-Sterling-Silver-and-Gold-Filled?gp_product_id=47138,47138
Ready-to-Wear-Satellite-Curb-Chain-with-Spring-Ring-Clasp?gp_product_id=47139,47139
14mm-Ready-to-Wear-Oval-Link-Cable-Chain-with-Clasp?gp_product_id=47142,47142
14mm-Ready-to-Wear-Oval-Link-Cable-Chain-with-Clasp?gp_product_id=47143,47143
14mm-Ready-to-Wear-Oval-Link-Cable-Chain-with-Clasp?gp_product_id=47155,47155
13mm-Ready-to-Wear-Thin-Oval-Link-Cable-Chain-with-Clasp?gp_product_id=47173,47173
10mm-Ready-to-Wear-Oval-Link-Cable-Chain-with-Clasp?gp_product_id=47175,47175
13mm-Ready-to-Wear-Thin-Oval-Link-Cable-Chain-with-Clasp?gp_product_id=47180,47180
10mm-Ready-to-Wear-Oval-Link-Cable-Chain-with-Clasp?gp_product_id=47182,47182
13mm-Ready-to-Wear-Thin-Oval-Link-Cable-Chain-with-Clasp?gp_product_id=47190,47190
10mm-Ready-to-Wear-Oval-Link-Cable-Chain-with-Clasp?gp_product_id=47193,47193
findings-jewelry-components-and-parts-3/findings-multi-row-multi-strand-connectors-128/25x2mm-14k-gold-double-sided-pave-diamond-straight-bar-connector-with-side-gap?sort=p.price&order=DESC&limit=100&gp_product_id=47393,47393
findings-jewelry-components-and-parts-3/findings-multi-row-multi-strand-connectors-128/25x2mm-14k-gold-double-sided-pave-diamond-straight-bar-connector-with-side-gap?sort=p.price&order=DESC&limit=75&gp_product_id=47393,47393
findings-jewelry-components-and-parts-3/stampings-and-tags-22/15x2mm-14k-gold-double-sided-pave-diamond-straight-bar-connector-p-47397?sort=p.price&order=DESC&limit=25&gp_product_id=47397,47397
Sterling-Silver-Bar-and-Link-Chain?gp_product_id=47422,47422
Sterling-Silver-Bar-and-Link-Chain?gp_product_id=47423,47423
Sterling-Silver-Bar-and-Link-Chain?gp_product_id=47423?v=20,47423
Sterling-Silver-Bar-and-Link-Chain?gp_product_id=47423?v=30,47423
Sterling-Silver-Bar-and-Link-Chain?gp_product_id=47424,47424
Sterling-Silver-Smooth-Oval-Link-Cable-Chain?gp_product_id=47437,47437
Sterling-Silver-Smooth-Oval-Link-Cable-Chain?gp_product_id=47441,47441
9mm-Diamond-Cap-with-Jump-Ring-for-Tassel?gp_product_id=47522,47522
findings-jewelry-components-and-parts-3/bead-caps-cones-and-tops-12/18k-gold-9mm-cap-with-jump-ring-for-tassel-13pcs-diamond006cts-p-47522?limit=75&gp_product_id=47522,47522
8x5mm40cm-hematine-gold-color-plated-faceted-roundel?search=&sort=p.model&order=DESC,48124
Belcher-Rolo-Chain-by-Foot?gp_product_id=48283,48283
14mm-Ready-to-Wear-Belcher-Rolo-Chain-with-Clasp?gp_product_id=48308,48308
14mm-Ready-to-Wear-Belcher-Rolo-Chain-with-Clasp?gp_product_id=48314?v=20,48314
14mm-Ready-to-Wear-Belcher-Rolo-Chain-with-Clasp?gp_product_id=48315,48315
14mm-Ready-to-Wear-Belcher-Rolo-Chain-with-Clasp?gp_product_id=48319,48319
14mm-Ready-to-Wear-Belcher-Rolo-Chain-with-Clasp?gp_product_id=48320,48320
14mm-Ready-to-Wear-Belcher-Rolo-Chain-with-Clasp?gp_product_id=48322,48322
14mm-Ready-to-Wear-Belcher-Rolo-Chain-with-Clasp?gp_product_id=48327,48327
14mm-Ready-to-Wear-Belcher-Rolo-Chain-with-Clasp?gp_product_id=48329,48329
14mm-Ready-to-Wear-Belcher-Rolo-Chain-with-Clasp?gp_product_id=48330,48330
12mm-Ready-to-Wear-Curb-Chain-with-Clasp?gp_product_id=48337,48337
10mm-Flat-Curb-Satellite-Chain-with-19mm-Ball,48367
10mm-Flat-Curb-Satellite-Chain-with-19mm-Ball?gp_product_id=48367,48367
10mm-Flat-Curb-Satellite-Chain-with-19mm-Ball?gp_product_id=48368,48368
10mm-Flat-Curb-Satellite-Chain-with-19mm-Ball?gp_product_id=48369,48369
10mm-Flat-Curb-Satellite-Chain-with-19mm-Ball?gp_product_id=48370,48370
10mm-Flat-Curb-Satellite-Chain-with-19mm-Ball?gp_product_id=48371,48371
10mm-Flat-Curb-Satellite-Chain-with-19mm-Ball?gp_product_id=48372,48372
10mm-Flat-Curb-Satellite-Chain-with-19mm-Ball?gp_product_id=48374,48374
10mm-Flat-Curb-Satellite-Chain-with-19mm-Ball?gp_product_id=48375,48375
10mm-Flat-Curb-Satellite-Chain-with-19mm-Ball?gp_product_id=48376,48376
bracelet-components-137/42x23mm-cross-connector-with-cubic-zirconia-p-48430?sort=p.date_added&order=DESC&limit=15&gp_product_id=48430,48430
2mm-Sterling-Silver-and-CZ-Screw-Eye?gp_product_id=48514,48514
findings-jewelry-components-and-parts-3/bead-caps-cones-and-tops-12/sterling-silver-high-karat-bali-style-handmade-crimp-leather-end-clasp-p-48566?sort=p.model&order=DESC&limit=75&gp_product_id=48566,48566
finished-and-ready-to-wear-jewelry-4/ready-to-wear-rings-138/14k-gold-pear-shaped-diamond-knuckle-ring-002-carats-7-pieces-of-diamond?sort=pd.name&order=DESC&limit=50&gp_product_id=49137,49137
finished-and-ready-to-wear-jewelry-4/ready-to-wear-rings-138/14k-gold-star-diamond-knuckle-ring-002-carats-6-pieces-of-diamond-p-49151?sort=pd.name&order=DESC&limit=50&gp_product_id=49151,49151
findings-jewelry-components-and-parts-3/earring-findings-parts-and-components-18/leverback-earrings-175/12x16mm-sterling-silver-cubic-zirconia-u-leverback-with-jump-ring-49176?sort=rating&order=DESC&limit=25&gp_product_id=49176,49176
findings-jewelry-components-and-parts-3/earring-findings-parts-and-components-18/leverback-earrings-175/12x16mm-sterling-silver-cubic-zirconia-u-leverback-with-jump-ring-49176?sort=rating&order=DESC&limit=50&gp_product_id=49176,49176
Sterling-Silver-Flower-Pearl-Cap-with-Cubic-Zirconia-49290?gp_product_id=49179,49179
home-1/10mm-sterling-silver-cubic-zirconia-cap-p-49186?sort=p.sort_order&order=ASC&limit=50&gp_product_id=49186,49186
Sterling-Silver-Flower-Pearl-Cap-with-Cubic-Zirconia-49290?gp_product_id=49186,49186
finished-and-ready-to-wear-jewelry-4/ready-to-wear-earrings-25/48mm-14k-pave-diamond-round-disc-stud-earrings-p-49283?sort=p.model&order=DESC&limit=75&gp_product_id=49283,49283
findings-jewelry-components-and-parts-3/earring-findings-parts-and-components-18/earring-backs-friction-and-screw-back-181/18k-gold-jumbo-090mm-hole-9mm-earnut?sort=p.model&order=ASC&limit=50&gp_product_id=49473,49473
stud-and-post-earrings-178/pearl-post-earrings-196/18k-gold-4mm-cup-pearl-post-p-49569?order=ASC&limit=50&gp_product_id=49569,49569
finished-and-ready-to-wear-jewelry-4/ready-to-wear-earrings-25/20x070mm-rose-gold-filled-plain-wire-hoop-earring-for-beading?sort=rating&order=ASC&limit=50&gp_product_id=49741,49741
findings-jewelry-components-and-parts-3/earring-findings-parts-and-components-18/hoop-and-huggie-earrings-177/12x125mm-rose-gold-filled-endless-hoop-earring?gp_product_id=49749,49749
findings-jewelry-components-and-parts-3/earring-findings-parts-and-components-18/hoop-and-huggie-earrings-177/12x125mm-rose-gold-filled-endless-hoop-earring?limit=25&gp_product_id=49749,49749
findings-jewelry-components-and-parts-3/earring-findings-parts-and-components-18/hoop-and-huggie-earrings-177/12x125mm-rose-gold-filled-endless-hoop-earring?limit=75&gp_product_id=49749,49749
finished-and-ready-to-wear-jewelry-4/ready-to-wear-earrings-25/12x125mm-rose-gold-filled-endless-hoop-earring?gp_product_id=49749,49749
finished-and-ready-to-wear-jewelry-4/ready-to-wear-earrings-25/12x125mm-rose-gold-filled-endless-hoop-earring?sort=rating&order=ASC&gp_product_id=49749,49749
Gold-Filled-Endless-Hoop-Earrings?gp_product_id=49749,49749
finished-and-ready-to-wear-jewelry-4/ready-to-wear-earrings-25/14x125mm-rose-gold-filled-endless-hoop-earring?sort=p.price&order=ASC&gp_product_id=49750,49750
finished-and-ready-to-wear-jewelry-4/ready-to-wear-earrings-25/14x125mm-rose-gold-filled-endless-hoop-earring?sort=pd.name&order=ASC&gp_product_id=49750,49750
Gold-Filled-Endless-Hoop-Earrings?gp_product_id=49750,49750
finished-and-ready-to-wear-jewelry-4/ready-to-wear-earrings-25/16x125mm-rose-gold-filled-endless-hoop-earring?gp_product_id=49751,49751
finished-and-ready-to-wear-jewelry-4/ready-to-wear-earrings-25/16x125mm-rose-gold-filled-endless-hoop-earring?sort=p.price&order=ASC&gp_product_id=49751,49751
Gold-Filled-Endless-Hoop-Earrings?gp_product_id=49751,49751
finished-and-ready-to-wear-jewelry-4/ready-to-wear-earrings-25/20x125mm-rose-gold-filled-endless-hoop-earring?gp_product_id=49752,49752
finished-and-ready-to-wear-jewelry-4/ready-to-wear-earrings-25/20x125mm-rose-gold-filled-endless-hoop-earring?sort=p.price&order=ASC&gp_product_id=49752,49752
finished-and-ready-to-wear-jewelry-4/ready-to-wear-earrings-25/20x125mm-rose-gold-filled-endless-hoop-earring?sort=pd.name&order=DESC&gp_product_id=49752,49752
finished-and-ready-to-wear-jewelry-4/ready-to-wear-earrings-25/20x125mm-rose-gold-filled-endless-hoop-earring?sort=rating&order=ASC&limit=50&gp_product_id=49752,49752
Gold-Filled-Endless-Hoop-Earrings?gp_product_id=49752,49752
hoop-and-huggie-earrings-177/20x125mm-rose-gold-filled-endless-hoop-earring?sort=p.model&order=ASC&limit=100&gp_product_id=49752,49752
hoop-and-huggie-earrings-177/20x125mm-rose-gold-filled-endless-hoop-earring?sort=p.sort_order&order=ASC&gp_product_id=49752,49752
ready-to-wear-earrings-25/20x125mm-rose-gold-filled-endless-hoop-earring?order=ASC&limit=25&gp_product_id=49752,49752
findings-jewelry-components-and-parts-3/chains-14/ready-made-chains-130/14k-gold-10mm-flat-curb-satellite-chain-with-19mm-ball?sort=rating&order=ASC&limit=25&gp_product_id=49767,49767
10mm-Flat-Curb-Satellite-Chain-with-19mm-Ball?gp_product_id=49767,49767
10mm-Flat-Curb-Satellite-Chain-with-19mm-Ball?gp_product_id=49768,49768
10mm-Flat-Curb-Satellite-Chain-with-19mm-Ball?gp_product_id=49770,49770
10mm-Flat-Curb-Satellite-Chain-with-19mm-Ball?gp_product_id=49771,49771
12mm-Oval-Link-Satellite-Chain-with-18mm-Faceted-Sterling-Silver-Bead-by-Foot?gp_product_id=49995,49995
Tube-Bar-Chain?gp_product_id=50118,50118
findings-jewelry-components-and-parts-3/stringing-supplies-23/4mm-crimp-cover?sort=p.date_added&order=DESC&limit=75&gp_product_id=50256,50256
findings-jewelry-components-and-parts-3/stringing-supplies-23/4mm-crimp-cover?sort=p.sort_order&order=ASC&limit=75&gp_product_id=50256,50256
Gold-Filled-Endless-Hoop-Earrings?gp_product_id=50288,50288
findings-jewelry-components-and-parts-3/charms-15/geometric-shape-charms-and-pendants-155/17x4mm-triangle-pendant-36-diamonds-011cts-p-50364?sort=p.price&order=DESC&limit=75&gp_product_id=50364,50364
9x125mm-sterling-silver-endless-hoop-earrings?gp_product_id=55437,55437
12x125mm-sterling-silver-endless-hoop-earrings?gp_product_id=55438,55438
12x125mm-sterling-silver-endless-hoop-earrings?gp_product_id=55438?v=31,55438
16x125mm-sterling-silver-endless-hoop-earrings?gp_product_id=55439?v=31,55439
finished-and-ready-to-wear-jewelry-4/ready-to-wear-earrings-25/30x125mm-sterling-silver-endless-hoop-earrings?order=DESC&limit=50&gp_product_id=55442,55442
finished-and-ready-to-wear-jewelry-4/ready-to-wear-earrings-25/30x125mm-sterling-silver-endless-hoop-earrings?sort=p.model&order=ASC&gp_product_id=55442,55442
finished-and-ready-to-wear-jewelry-4/ready-to-wear-earrings-25/35x125mm-sterling-silver-endless-hoop-earrings?gp_product_id=55443,55443
finished-and-ready-to-wear-jewelry-4/ready-to-wear-earrings-25/35x125mm-sterling-silver-endless-hoop-earrings?order=DESC&limit=50&gp_product_id=55443,55443
finished-and-ready-to-wear-jewelry-4/ready-to-wear-earrings-25/35x125mm-sterling-silver-endless-hoop-earrings?sort=p.model&order=ASC&gp_product_id=55443,55443
chains-14/18k-gold-chains-186/chains-14/link-chains-by-foot-129/14k-gold-chains-187/17mm-14k-gold-flat-lightweight-cable-chain?sort=p.date_added&order=ASC&limit=100&gp_product_id=55449,55449
9mm-endless-hoop-earring?gp_product_id=56574?v=31,56574
9mm-endless-hoop-earring?gp_product_id=56574?v=34,56574
12mm-endless-hoop-earring?gp_product_id=56576?v=34,56576
finished-and-ready-to-wear-jewelry-4/ready-to-wear-earrings-25/12mm-endless-hoop-earring-p-56577?sort=rating&order=ASC&limit=25&gp_product_id=56577,56577
Gold-Filled-Endless-Hoop-Earrings-63764?gp_product_id=56579&PageSpeed=noscript,56579
Gold-Filled-Endless-Hoop-Earrings-63839?gp_product_id=56584?v=31,56584
14K-Yellow-Gold-Round-Huggie-Plain-Hoop-Earring?gp_product_id=63813,63813
14K-Yellow-Gold-Round-Huggie-Plain-Hoop-Earring?gp_product_id=63815,63815
14K-Yellow-Gold-Round-Huggie-Plain-Hoop-Earring?gp_product_id=63818,63818
14K-Yellow-Gold-Round-Huggie-Plain-Hoop-Earring?gp_product_id=63819,63819
105-110mm-round-purple-matched-freshwater-pearl-pair-perfect-round-very-good-quality?gp_product_id=67488?v=46,67488